Kickboxer Vengeance,,,
IT,,,
Mythica The Darkspore,,,
It's a Wonderful Life,,,
Juan of the Dead,,,
A Street Cat Named Bob,,,
Sunset Boulevard,,,
American Pie,,,
Holy Motors,,,
Paths of Glory,,,
On the Waterfront,,,
Modern Times,,,
The Treasure of the Sierra Madre,,,
EuroTrip,,,
Exam,,,
Maniac,,,
Rebecca,,,
Enter the Void,,,
The Devil's Advocate,,,
The Grapes of Wrath,,,
Time Lapse,,,
Amen,,,
Return to Sender,,,
Barbie and the Magic of Pegasus 3-D,,,
Harvey,,,
The Ridiculous 6,,,
Mary and Martha,,,
Wrong Turn 3 Left for Dead,,,
Stargate SG-1 Children of the Gods,,,
Voyage of the Unicorn,,,
Seal Team Six The Raid on Osama Bin Laden,,,
One of Many Places in Which Something Was Stolen,,,
An Adventure in Space and Time,,,
Cassandra,,,
Things to Come,,,
The Special Relationship,,,
Snow Bride,,,
American Heist,,,
Fire,,,
Casino Royale,,,
CLONED The Recreator Chronicles,,,
Antichrist,,,
To Kill a Mockingbird,,,
King Cobra,,,
Witness for the Prosecution,,,
Every Thing Will Be Fine,,,
Tyrannosaur,,,
The Twins Effect II,,,
Good Luck Chuck,,,
The Great Escape,,,
Womb,,,
Frankenstein,,,
A Grand Day Out,,,
Dungeons and Dragons Wrath of the Dragon God,,,
Mary and Max,,,
House of Tolerance,,,
Boogeyman 3,,,
Housebound,,,
Killjoy's Psycho Circus,,,
The Curse of King Tut's Tomb,,,
Citizen Gangster,,,
Another Gay Sequel Gays Gone Wild!,,,
The Searchers,,,
The Wrong Trousers,,,
Lego DC Comics Superheroes Justice League - Gotham City Breakout,,,
Kill Your Friends,,,
Going Down in La-La Land,,,
Devil's Knot,,,
Jack and the Beanstalk The Real Story,,,
Kid Cannabis,,,
Fish Tank,,,
The Greatest,,,
The Cincinnati Kid,,,
Thunder and the House of Magic,,,
The Brotherhood of Justice,,,
Simon Killer,,,
Asian Ghost Story,,,
Power/Rangers,,,
The Blues Brothers,,,
Detachment,,,
Cockneys vs Zombies,,,
The Man Who Knew Too Much,,,
Southbound,,,
The War Wagon,,,
The Monkey's Paw,,,
Derailed,,,
Across the Line The Exodus of Charlie Wright,,,
Spellbound,,,
Devil You Know,,,
Niagara,,,
Mr Deeds Goes to Town,,,
The Sunset Limited,,,
Re-Animator,,,
Page Eight,,,
Wolf Creek 2,,,
Almost Famous,,,
The Red Shoes,,,
Battlestar Galactica The Plan,,,
Dead Space Downfall,,,
Truth or Dare,,,
Too Big to Fail,,,
The Barn,,,
Carnage Park,,,
Crocodile Dundee,,,
ExTerminators,,,
Notorious,,,
A Night in Old Mexico,,,
Grave Encounters,,,
The 10th Kingdom,,,
West Side Story,,,
Cat on a Hot Tin Roof,,,
Fahrenheit 451,,,
Eraserhead,,,
Kiss Me Deadly,,,
Dear Wendy,,,
Day of the Dead,,,
Days and Nights,,,
The Eye of the Storm,,,
The Kid,,,
Lie with Me,,,
Zombeavers,,,
Cabin Fever Patient Zero,,,
Age of Tomorrow,,,
A Close Shave,,,
Eight Diagram Pole Fighter,,,
The Do-Over,,,
How the Grinch Stole Christmas!,,,
Final Approach,,,
The Colony,,,
Kaboom,,,
Monster High Ghouls Rule,,,
Dumplings,,,
The Guns of Navarone,,,
I Declare War,,,
Down and Dangerous,,,
A Field in England,,,
Salem's Lot,,,
Crystal Fairy and the Magical Cactus,,,
Spring 1941,,,
Problem Child 3,,,
The Killing,,,
The Look of Love,,,
Atlantis End of a World birth of a legend, Birth of a Legend,,
The Wind That Shakes the Barley,,,
The Trip,,,
Frank Herbert's Children of Dune,,,
Vikingdom,,,
9 Songs,,,
The Haunting of Helena,,,
Wrong,,,
Laurence Anyways,,,
Operation Petticoat,,,
College Coeds vs Zombie Housewives,,,
13 Eerie,,,
The Lady Vanishes,,,
The Caine Mutiny,,,
The Russians Are Coming the russians are coming, The Russians Are Coming,,
From Here to Eternity,,,
Charade,,,
The Thief of Bagdad,,,
Would You Rather,,,
Hellboy Animated Blood and Iron,,,
Sightseers,,,
Battlestar Galactica Razor,,,
Halo 4 Forward Unto Dawn,,,
The Frankenstein Theory,,,
Julia X,,,
Attila,,,
Bonnie and Clyde,,,
The Hustler,,,
Jesse Stone Night Passage,,,
Alien Outpost,,,
The Return of the King,,,
The Andromeda Strain,,,
In Their Skin,,,
Eating Out The Open Weekend,,,
King Kong,,,
Fermat's Room,,,
It Felt Like Love,,,
Dead Space Aftermath,,,
At Risk,,,
Passchendaele,,,
The Veil,,,
Return of the Seven,,,
The Ladykillers,,,
The Third Man,,,
His Girl Friday,,,
Plan 9 from Outer Space,,,
Tiny Furniture,,,
Tenebre,,,
Arsenic and Old Lace,,,
The Device,,,
The Image,,,
Pirates of Silicon Valley,,,
To Kill a King,,,
Batman Beyond The Movie,,,
Georges Bataille's Story of the Eye,,,
Minions Binky Nelson Unpacified,,,
Family Guy Presents It's a Trap!,,,
Felony,,,
The Dirty Dozen,,,
I Sell The Dead,,,
In the Heat of the Night,,,
Chillerama,,,
Sunrise A Song of Two Humans,,,
Alyce Kills,,,
The Well Digger's Daughter,,,
Wuthering Heights,,,
Parallels,,,
The 39 Steps,,,
The Unforgiven,,,
K-11,,,
Rampage Capital Punishment,,,
Wonderful Days,,,
Sharknado,,,
The Gold Rush,,,
The Stand,,,
The We and the I,,,
All Quiet on the Western Front,,,
It Happened One Night,,,
Behind Blue Skies,,,
Tyler Perry's I Can Do Bad All By Myself (The Play),,,
Bride of Frankenstein,,,
Counselor week at Camp Liberty,,,
Breakfast at Tiffany's,,,
Cleopatra,,,
The Brown Bunny,,,
Cabin Fever,,,
Wait Until Dark,,,
The General,,,
Kids,,,
Family Guy Presents Stewie Griffin The Untold Story,,,
Lili,,,
To Catch a Thief,,,
Blastfighter,,,
Starlet,,,
The Escapist,,,
Deathgasm,,,
Planet Hulk,,,
The Childhood of a Leader,,,
Repulsion,,,
Melody Time,,,
eighty eight,,,
Savage Grace,,,
The Flintstones and WWE Stone Age Smackdown,,,
Chupacabra vs The Alamo,,,
Mutiny on the Bounty,,,
Escape from Tomorrow,,,
A Night to Remember,,,
The Crown and the Dragon,,,
The Shop Around the Corner,,,
Boogeyman 2,,,
Alien Abduction,,,
Age of Uprising The Legend of Michael Kohlhaas,,,
The King's Daughter,,,
Monster High 13 Wishes,,,
A Christmas Horror Story,,,
Excision,,,
Hooking Up,,,
Zorba the Greek,,,
Amateur Night,,,
All Cheerleaders Die,,,
Gentlemen Prefer Blondes,,,
Welcome to the Jungle,,,
Antiviral,,,
The Flight of Dragons,,,
K-9 Adventures A Christmas Tale,,,
Cheerful Weather for the Wedding,,,
Almost Human,,,
Boeing boeing, Boeing,,
Into the Blue 2 The Reef,,,
Avengers Grimm,,,
ABCs of Death 2,,,
All Quiet on the Western Front,,,
Flesh + Blood,,,
Day of the Mummy,,,
Upstream Color,,,
The Triangle,,,
Make Mine Music!,,,
How to Plan an Orgy in a Small Town,,,
We Are Still Here,,,
The Baby of Mâcon,,,
Prisoners of the Sun,,,
X+Y,,,
Who's Afraid of Virginia Woolf?,,,
North to Alaska,,,
Game Change,,,
A Day at the Races,,,
Love,,,
Sinbad and the Minotaur,,,
Patrick,,,
It's the Great Pumpkin charlie brown, Charlie Brown,,
Arabian Nights,,,
Killing Salazar,,,
The Philadelphia Story,,,
X,,,
How to Steal a Million,,,
Darkweb,,,
The Garden,,,
Zodiac,,,
one,,,
Extraterrestrial,,,
Turbo Kid,,,
XIII,,,
Ratter,,,
Perfect Sisters,,,
The Fly,,,
The Returned,,,
Sabrina,,,
Masks Exordium,,,
Ferocious Planet,,,
Red Desert,,,
A Haunting at Silver Falls,,,
Hidden in the Woods,,,
Naked,,,
The Secret of Kells,,,
Ilsa She Wolf of the SS,,,
Sanitarium,,,
Frank Herbert's Dune,,,
God Help the Girl,,,
The Escort,,,
Alpha House,,,
I Will Follow You Into the Dark,,,
Grabbers,,,
The Tunnel,,,
Airborne,,,
Heavy Makeup,,,
Mutiny on the Bounty,,,
The Craigslist Killer,,,
Cat Ballou,,,
Rest Stop Don't Look Back,,,
Let's Make Love,,,
Minions The Competition,,,
You I Love,,,
Saludos Amigos,,,
The Toxic Avenger,,,
Merlin,,,
Grand Prix,,,
Cape Fear,,,
Horsehead,,,
Wicked Blood,,,
Sweet Smell of Success,,,
Three Little Pigs,,,
Monster High Fright On!,,,
Dog Pound,,,
El Dorado,,,
Midnight Show,,,
Finding Altamira,,,
Persuasion,,,
Enemies with Benefits,,,
Quo Vadis,,,
War Witch,,,
Blood Shed,,,
Better Living Through Chemistry,,,
Android Cop,,,
Tomorrow You're Gone,,,
The Four Feathers,,,
The Book of Revelation,,,
Dr Cabbie,,,
Eating Out Drama Camp,,,
Forbidden,,,
Shadows,,,
The Congress,,,
Creature,,,
Inception The Cobol Job,,,
Mega Shark vs Mecha Shark,,,
Street Trash,,,
Hot Bot,,,
Gen 13,,,
Merlin's Apprentice,,,
Struck by Lightning,,,
Fullmetal Alchemist The Sacred Star of Milos,,,
Scooby-Doo! And the Legend of the Vampire,,,
The Mummy Resurrected,,,
Take the Money and Run,,,
The Atticus Institute,,,
The Closed Circuit,,,
The Maid's Room,,,
Freaks,,,
Bigger Than Life,,,
Farscape The Peacekeeper Wars,,,
Tokyo Gore Police,,,
Interview with a Hitman,,,
Krampus The Reckoning,,,
Caligula,,,
Zulu,,,
Luster,,,
Carry On Constable,,,
This Is England,,,
Family Guy Presents Something something something dark side, Something, Something, Dark Side
The Betrayed,,,
City Girl,,,
Minions Cro Minion,,,
Monster High Welcome to Monster High,,,
Ocean's Eleven,,,
An American in Paris,,,
55 Days at Peking,,,
Jesse Stone Death in Paradise,,,
Northanger Abbey,,,
The Vanishing,,,
The Haunted Palace,,,
The Pact II,,,
Free Samples,,,
Scooby-Doo and the Cyber Chase,,,
Ink,,,
Emmanuelle Through Time Emmanuelle's Skin City,,,
The Great Ziegfeld,,,
Tom Jones,,,
Little Dead Rotting Hood,,,
Red Mist,,,
I Confess,,,
Weekend Sexcapades,,,
The Playroom,,,
Carlos,,,
Batman and Mr Freeze SubZero,,,
What Ever Happened to Baby Jane?,,,
The Girl,,,
The Postman Always Rings Twice,,,
The Hobbit,,,
Starry Eyes,,,
Persecuted,,,
Killer Bean Forever,,,
Dead Within,,,
Snow White The Fairest of Them All,,,
The Black Hole,,,
In a Lonely Place,,,
Afro Samurai Resurrection,,,
Pillow Talk,,,
Kill Game,,,
Weaponized,,,
The Rage in Placid Lake,,,
The Challenger,,,
In Which We Serve,,,
White Christmas,,,
The Death of the Incredible Hulk,,,
Viva Las Vegas,,,
Hud,,,
Iron Jawed Angels,,,
Eroddity(s) 2,,,
The Deep,,,
Jewtopia,,,
Croupier,,,
Score,,,
The Incredible Hulk Returns,,,
Journey to the Center of the Earth,,,
Son of Frankenstein,,,
Initial D,,,
All the King's Men,,,
Ordinary World,,,
Meteor Storm,,,
Hidden Treasures,,,
Sabotage,,,
Sita Sings the Blues,,,
April Apocalypse,,,
Robot Chicken Star Wars,,,
4th Man Out,,,
Adventures in Babysitting,,,
The Philadelphia Experiment,,,
Mammoth,,,
Death of a Superhero,,,
Vanishing Waves,,,
Funny Face,,,
Phil Spector,,,
Breaking the Girls,,,
Bride of Re-Animator,,,
Moebius,,,
The Front,,,
Bikini Time Machine,,,
See You in September,,,
Jailhouse Rock,,,
Nitemare,,,
Sherlock junior, Jr,,
Coffee Town,,,
Paradise Faith,,,
The Raspberry Reich,,,
Brute Force,,,
The Client List,,,
Growth,,,
The Nutty Professor,,,
Rock Haven,,,
Hogfather,,,
The Curse of the Mummy's Tomb,,,
Moses,,,
Holidaze,,,
Metropia,,,
El Cid,,,
The Robe,,,
The Little Shop of Horrors,,,
The Mists of Avalon,,,
The Alternative,,,
Barry Crimmins Whatever Threatens You,,,
Beautiful and Twisted,,,
Animal Instincts,,,
Second Nature,,,
Otis,,,
The Lady from Shanghai,,,
Scooby-Doo and the Alien Invaders,,,
Hamlet,,,
Boost,,,
Our Man Flint,,,
Elmer's Candid Camera,,,
Alexandra's Project,,,
Sex and Zen III,,,
Room Service,,,
Atomic Hotel Erotica,,,
It Came from Beneath the Sea,,,
The Secrets of Emily Blair,,,
Beauty and the Briefcase,,,
Calamity Jane,,,
Imaginaerum,,,
Crawlspace,,,
Deep in the Darkness,,,
Lilting,,,
Museum Hours,,,
Bloodsucking Bastards,,,
The Ghost of Frankenstein,,,
Albatross,,,
Now and Later,,,
Still Waiting,,,
Goodbye mr chips, Mr Chips,,
The Trip to Italy,,,
Mental,,,
Earth vs the Flying Saucers,,,
Body,,,
Earthsea,,,
Punk's Dead SLC Punk 2,,,
Triassic Attack,,,
Nowhere Safe,,,
The Fall of the Roman Empire,,,
Augustine,,,
Hello Herman,,,
Godzilla, King of the Monsters!,,
Black Mountain Side,,,
Turtles Forever,,,
Strait-Jacket,,,
Trace,,,
The Ultimate Attraction,,,
The King and I,,,
Flowers for Algernon,,,
Marty,,,
Their Eyes Were Watching God,,,
Yours, Mine and Ours,,
Extraction,,,
Von Ryan's Express,,,
Bell, Book and Candle,,
Forsaken,,,
You Will Kill,,,
The Big Heat,,,
Hannah Arendt,,,
The Comedians,,,
Jacob,,,
Dementia,,,
Love in the Afternoon,,,
Saturday Night and Sunday Morning,,,
Mickey and the Beanstalk,,,
Celebrity Sex Tape,,,
Territorial Behavior,,,
Blood in the Water,,,
Boxing Helena,,,
Dinocroc vs Supergator,,,
Detour,,,
Girl Happy,,,
Thirty Seconds Over Tokyo,,,
Five Nights in Maine,,,
Delirious,,,
The Flash 2 - Revenge of the Trickster,,,
A Funny Thing Happened on the Way to the Forum,,,
Apocalypse Pompeii,,,
The Barbarian and the Geisha,,,
Sex Pot,,,
We Are the Best!,,,
The Last Straight Man,,,
Thunderbirds are GO,,,
On the Job,,,
Jimmy Vestvood Amerikan Hero,,,
A Charlie Brown Thanksgiving,,,
Godzilla vs SpaceGodzilla,,,
The Pig Who Cried Werewolf,,,
The Public Enemy,,,
Embrace of the Vampire,,,
The Comancheros,,,
The Time Being,,,
The Last Ride,,,
The Blob,,,
Brain Dead,,,
100 Degrees Below Zero,,,
Bedazzled,,,
Dracula's War,,,
In Harm's Way,,,
Ride the High Country,,,
Snack Time,,,
The Awful Truth,,,
The Powerpuff Girls A Fan Film,,,
Scarlet Street,,,
Closet Monster,,,
Iron Man and Captain America Heroes United,,,
Holiday Inn,,,
Broken Arrow,,,
Scooby-Doo on Zombie Island,,,
Hansel Vs Gretel,,,
Hellboy Animated Sword of Storms,,,
The Wolf Man,,,
Rape Zombie Lust of the Dead,,,
Scooby-Doo! Camp Scare,,,
Age of Dinosaurs,,,
White Zombie,,,
Lethal Seduction,,,
Dangerous Liaisons,,,
Loving Annabelle,,,
Caravaggio,,,
The Silencers,,,
Sex and Drugs and Rock and Roll,,,
Stripped Naked,,,
The Assassination Bureau,,,
Rod Steele 0014 You Only Live Until You Die,,,
You Can't Kill Stephen King,,,
Main Street,,,
Mum and Dad,,,
The King of Fighters,,,
Abbott and Costello Meet the Invisible Man,,,
April Rain,,,
Daleks' Invasion Earth 2150 AD,,,
The Orphanage,,,
Super Cyclone,,,
The Coed and the Zombie Stoner,,,
The Great Bikini Bowling Bash,,,
The Man Who Saves The World,,,
The Art of Love,,,
V The Final Battle,,,
Predator Dark Ages,,,
Pete Smalls Is Dead,,,
For Whom the Bell Tolls,,,
Battle of the Bulge,,,
Love Me Tender,,,
28 Hotel Rooms,,,
The Firm,,,
Tales of a 5th Grade Zombie Slayer,,,
Extraordinary Tales,,,
The Wizard of Oz,,,
Spring Madness,,,
Horse Feathers,,,
Road Wars,,,
Tropic Thunder Rain of Madness,,,
Dracula 3D,,,
Three Blind Mouseketeers,,,
The Zombie King,,,
Andersonville,,,
Cecilia,,,
The Pit and the Pendulum,,,
Tower of Terror,,,
Penny Serenade,,,
Street Fighter Assassin's Fist,,,
Horton Hears a Who!,,,
Sunday,,,
Bleed,,,
Lambert the Sheepish Lion,,,
The Buccaneer,,,
How to Succeed in Business Without Really Trying,,,
Assault on a Queen,,,
Fists of Legend,,,
All Superheroes Must Die,,,
The Trial of the Incredible Hulk,,,
Curse of the Witching Tree,,,
The Exotic House of Wax,,,
Emma,,,
The Reconstruction of William Zero,,,
The Absent-Minded Waiter,,,
Billy Connolly Was it Something I Said?,,,
Ali Baba and The Forty Thieves,,,
The Conspiracy,,,
Angel Blue,,,
Anchors Aweigh,,,
Tomorrow Night,,,
Bill Burr I'm Sorry You Feel That Way,,,
Strippers From Another World,,,
The Last Match,,,
Toby Tortoise Returns,,,
And Then There Were None,,,
Sexually Bugged!,,,
Political Animals,,,
The Gorgon,,,
The Enemy Within,,,
Thank You, Mr Moto,,
Perfect Hideout,,,
Ten,,,
The Prey,,,
Scar 3D,,,
The Growing Pains Movie,,,
Poultrygeist Night of the Chicken Dead,,,
Corn Chips,,,
The Pagan Queen,,,
Think Fast, Mr Moto,,
Someone Marry Barry,,,
Tyson,,,
Born Innocent,,,
The Bells of St Mary's,,,
Three Night Stand,,,
The Adventures of Indiana Jones,,,
The Dam Busters,,,
Go for Sisters,,,
Destined,,,
Airwolf The Movie,,,
Joe Dirt 2 Beautiful Loser,,,
Mickey's Birthday Party,,,
Our Friend, Martin,,
Stressed to Kill,,,
Storm Seekers,,,
Fall,,,
Titanic,,,
Cannibal Ferox,,,
Age of Ice,,,
Rocketship X-M,,,
Woody Dines Out,,,
A Master Builder,,,
The Karen Carpenter Story,,,
LEGO Hero Factory Rise of the Rookies,,,
Allegheny Uprising,,,
1972 Yellow House,,,
Live Nude Girls,,,
Lucky in Love,,,
The Occupants,,,
Eddie The Sleepwalking Cannibal,,,
Frank Duck Brings 'em Back Alive,,,
Divorce Invitation,,,
Dumbbells,,,
Cat Fishin',,,
The Innocents,,,
Goliath II,,,
Bachelor Night,,,
The Misfits,,,
Is It Just Me?,,,
How Sweet It Is!,,,
Topkapi,,,
The Executioner's Song,,,
The Fox Hunt,,,
Bad Sister,,,
Jim Gaffigan Mr Universe,,,
Going! Going! Gosh!,,,
Bikini Beach,,,
Fantasm Comes Again,,,
Import/Export,,,
Aimy in a Cage,,,
Chlorine,,,
The Red Badge of Courage,,,
Robot Chicken Star Wars Episode II,,,
The Fortunes and Misfortunes of Moll Flanders,,,
Gunfight at the OK Corral,,,
Sorority House Massacre II,,,
Zombie Night,,,
