Finding Nemo,,
WALL E,,
Monsters inc,,
The Lion King,,
The Peanuts Movie,,
Snow White and the Seven Dwarfs,,
The Lion King one and a half,,
Bambi,,
Piper,,
The Curse of the Were-Rabbit,,
The Little Mermaid,,
Aladdin,,
Peter Pan,,
Tinker Bell and the Lost Treasure,,
Toy Story two,,
Ratatouille,,
Cars two,,
Hercules,,
Mulan,,
Cars,,
The Jungle Book,,
Beauty and the Beast,,
Monsters University,,
Toy Story,,
The Princess and the Frog,,
Tarzan,,
The Wizard of Oz,,
Dumbo,,
The Land Before Time,,
One Hundred and One Dalmatians,,
Bambi two,,
Tinker Bell and the Great Fairy Rescue,,
Lady and the Tramp,,
The Hunchback of Notre Dame,,
Return to Never Land,,
Lady and the Tramp II Scamp's Adventure,,
A Bug's Life,,
Toy Story three,,
Sleeping Beauty,,
Winnie the Pooh,,
The Aristocats,,
Alice in Wonderland,,
Paperman,,
Cinderella III A Twist in Time,,
two thousand one A Space Odyssey,,
The Lion King two Simba's Pride,,
Rio,,
Ice Age A Mammoth Christmas,,
The Fox and the Hound,,
Pocahontas,,
Pinocchio,,
Mary Poppins,,
Cinderella,,
one hundred and one Dalmatians,,
Tarzan,,
The Princess Diaries,,
Rio two,,
Mulan two,,
Aladdin and the King of Thieves,,
Tinker Bell,,
Frozen Fever,,
Secret of the Wings,,
Mr Bean's Holiday,,
The Adventures of André and Wally B,,
Arthur three The War of the Two Worlds,,
Stuart Little three Call of the Wild,,
Meet the Robinsons,,
Minions Orientation Day,,
Hachi A Dog's Tale,,
The Sword in the Stone,,
The Pirate Fairy,,
Feast,,
Kronk's New Groove,,
Horton Hears a Who!,,
Tinker Bell and the Legend of the NeverBeast,,
Beauty and the Beast The Enchanted Christmas,,
Willy Wonka and the Chocolate Factory,,
Ooops! Noah is Gone,,
Partly Cloudy,,
Mickey donald goofy the three musketeers,,
Sinbad and the Eye of the Tiger,,
Air Mater,,
Gnomeo and Juliet,,
The Return of Jafar,,
Niko two Little Brother big trouble,,
Robin Hood,,
Minions Training Wheels,,
Pixie Hollow Games,,
BURN E,,
The Emperor's New Groove,,
Chicken Little,,
Planet of the Apes,,
one hundred and two Dalmatians,,
The Hunchback of Notre Dame two,,
Alvin and the Chipmunks Chipwrecked,,
Anastasia,,
The Princess Diaries two Royal Engagement,,
Puss in Boots The Three Diablos,,
Mickey's Christmas Carol,,
The Tale of Despereaux,,
The Sound of Music,,
The Little Vampire,,
Joseph King of Dreams,,
Little Nemo Adventures In Slumberland,,
Ewoks The Battle for Endor,,
The Land Before Time X The Great Longneck Migration,,
The Secret of NIMH,,
Barbie as The Princess and the Pauper,,
Herbie Fully Loaded,,
Gone with the Wind,,
The Smurfs The Legend of Smurfy Hollow,,
The Land Before Time VI The Secret of Saurus Rock,,
Pocahontas II Journey to a New World,,
The Rescuers,,
Partysaurus Rex,,
The Young and Prodigious TS Spivet,,
one hundred and one Dalmatians two Patch's London Adventure,,
Pride and Prejudice,,
Battle of Britain,,
Presto,,
A Goofy Movie,,
The Great Dictator,,
Barbie A Fairy Secret,,
Curious George two Follow That Monkey!,,
Around the World in Eighty Days,,
Homeward Bound two Lost in San Francisco,,
Fantasia,,
Tom and Jerry The Movie,,
Barbie A Fashion Fairytale,,
Santa Buddies,,
Beneath the Planet of the Apes,,
Barbie as the Island Princess,,
Space Chimps,,
Snow Buddies,,
The Santa Clause three The Escape Clause,,
The Land Before Time six Invasion of the Tinysauruses,,
The Land Before Time four Journey Through the Mists,,
Charlotte's Web,,
Escape from the Planet of the Apes,,
Chicken Run,,
The Great Mouse Detective,,
Mickey's Twice Upon a Christmas,,
Doppelganger,,
Piglet's Big Movie,,
The Tigger Movie,,
La luna,,
The Jungle Book two,,
Minions Puppy,,
Santa Paws two The Santa Pups,,
Hannah Montana The Movie,,
High School Musical three Senior Year,,
The Last Flight of Noah's Ark,,
George and AJ,,
The Neverending Story III Escape from Fantasia,,
The Straight Story,,
Tom and Jerry Shiver Me Whiskers,,
Cinderella II Dreams Come True,,
Singin' in the Rain,,
All Dogs Go to Heaven,,
Barbie Princess Charm School,,
The Reef,,
The Ten Commandments,,
Barbie Mariposa and Her Butterfly Fairy Friends,,
Postman Pat The Movie,,
Tarzan and Jane,,
Cadet Kelly,,
Oliver and Company,,
Buzz Lightyear of Star Command The Adventure Begins,,
Mickey's Magical Christmas Snowed in at the House of Mouse,,
Time Travel Mater,,
Babe,,
A Matter of Loaf and Death,,
The Golden Voyage of Sinbad,,
Fiddler on the Roof,,
The Longest Day,,
Stuart Little two,,
Halloweentown II Kalabar's Revenge,,
The Santa Clause two,,
Monster High Scaris City of Frights,,
The Madagascar Penguins in a Christmas Caper,,
Hawaiian Vacation,,
Super Buddies,,
My Fair Lady,,
City Lights,,
Roman Holiday,,
The Land Before Time VIII The Big Freeze,,
Fantasia two thousand,,
Barbie in the twelve Dancing Princesses,,
Murder she baked a peach cobbler mystery,,
High School Musical,,
Mickey's Once Upon a Christmas,,
The Fox and the Hound two,,
The Haunting,,
Quest for Camelot,,
The Wild,,
The Suite Life Movie,,
To Be or Not to Be,,
Cleopatra,,
The Land Before Time III The Time of the Great Giving,,
LEGO The Adventures of Clutch Powers,,
Return to Halloweentown,,
The Swan Princess A Royal Family Tale,,
Bedknobs and Broomsticks,,
LEGO DC Comics Super Heroes Justice League vs Bizarro League,,
For the Birds,,
Barbie and the Three Musketeers,,
High School Musical two,,
Tom and Jerry and The Wizard of Oz,,
Mike's New Car,,
The Gruffalo,,
The Swan Princess,,
TRON The Next Day,,
Valiant,,
A Turtle's Tale Sammy's Adventures,,
The seven Voyage of Sinbad,,
Tom and Jerry The Fast and the Furry,,
Space Buddies,,
Jack-Jack Attack,,
Jesus Christ Superstar,,
Gone Nutty,,
College Road Trip,,
The Reef two High Tide,,
Barbie in the Pink Shoes,,
Jimmy Neutron Boy Genius,,
Barbie in Princess Power,,
Bartok the Magnificent,,
Chitty Chitty Bang Bang,,
Khumba,,
DuckTales The Movie - Treasure of the Lost Lamp,,
Pooh's Heffalump Halloween Movie,,
Madly Madagascar,,
Thumbelina,,
Beethoven's fourth,,
An American Tail Fievel Goes West,,
Spirit Stallion of the Cimarron,,
The Secret Garden,,
Rock-A-Doodle,,
Barbie of Swan Lake,,
Knick Knack,,
Halloweentown,,
Inspector Clouseau,,
Princess Protection Program,,
The Land Before Time IX Journey to the Big Water,,
Dadnapped,,
Balto,,
Camp Rock,,
The Ewok Adventure,,
Barbie in the Nutcracker,,
How the West Was Won,,
Silent Running,,
Kim Possible Movie So the Drama,,
Tarzan two,,
Dug's Special Mission,,
Barbie as Rapunzel,,
Day and Night,,
Kung Fu Panda Holiday,,
Monster High Great Scarrier Reef,,
The True Story of Puss 'n Boots,,
Battle for the Planet of the Apes,,
Belle's Magical World,,
Kim Possible A Sitch in Time,,
Finian's Rainbow,,
Hot Wheels Acceleracers Ignition,,
Descendants,,
Ben-Hur,,
Minions Banana,,
FernGully two The Magical Rescue,,
Muppets from Space,,
Toy Story That Time Forgot,,
The Last Unicorn,,
The Land Before Time two The Great Valley Adventure,,
The Cheetah Girls,,
Halloweentown High,,
Homeward Bound The Incredible Journey,,
The Colour of Magic,,
Mr Magorium's Wonder Emporium,,
Panic in the Mailroom,,
Saving Santa,,
The Odd Couple,,
A Christmas Star,,
Stitch! The Movie,,
FernGully The Last Rainforest,,
Beethoven's 3rd,,
Tom and Jerry's Giant Adventure,,
The Care Bears Movie,,
The Search for Santa Paws,,
Beethoven's second,,
Ramona and Beezus,,
Atlantis Milo's Return,,
An American Tail,,
Barbie in 'A Christmas Carol',,
Barbie Fairytopia Magic of the Rainbow,,
Mater and the Ghostlight,,
The Muppets' Wizard of Oz,,
The Pagemaster,,
Barbie Fairytopia Mermaidia,,
Rudolph the Red-Nosed Reindeer The Movie,,
Beverly Hills Chihuahua 3 - Viva La Fiesta!,,
Wild Hearts Can't Be Broken,,
Cow Belles,,
The Land Before Time V The Mysterious Island,,
The Chipmunk Adventure,,
Scooby-Doo! Abracadabra-Doo,,
Pete's Dragon,,
The Good Witch's Gift,,
My Little Pony Equestria Girls,,
Fur of Flying,,
Bugsy Malone,,
All Dogs Go to Heaven two,,
The Muppets Take Manhattan,,
Pooh's Grand Adventure The Search for Christopher Robin,,
A New Leaf,,
Lava,,
A Charlie Brown Christmas,,
The Swan Princess Escape from Castle Mountain,,
Miracle on 34th Street,,
The 12 Dogs of Christmas,,
Tangled Ever After,,
Fun and Fancy Free,,
Winnie the Pooh A Very Merry Pooh Year,,
Marley and Me The Puppy Years,,
Hello dolly,,
Your Friend the Rat,,
The Time Machine,,
Doctor Dolittle,,
The Love Bug,,
Once Upon a Forest,,
Boundin',,
Riley's First Date?,,
The Many Adventures of Winnie the Pooh,,
Lego Star Wars The Empire Strikes Out,,
Animal Farm,,
Tom and Jerry Robin Hood and His Merry Mouse,,
The Mighty Macs,,
Minions Home Makeover,,
The Reluctant Dragon,,
The Black Stallion,,
The Return of the Pink Panther,,
Spooky Buddies,,
Tom and Jerry A Nutcracker Tale,,
The Secret of NIMH 2 Timmy to the Rescue,,
Scooby-Doo! and the Goblin King,,
Guns of the Magnificent Seven,,
An American Tail The Treasure of Manhattan Island,,
A Troll in Central Park,,
Red's Dream,,
twenty thousand leagues under the sea,,
Barbie Mariposa and The Fairy Princess,,
The Muppet Christmas Carol,,
The Blue Umbrella,,
Ice Princess,,
No Time for Nuts,,
Rudolph the Red-Nosed Reindeer The Movie,,
A Dennis the Menace Christmas,,
Barbie and the Diamond Castle,,
Scrooge,,
Benji the Hunted,,
A Man for All Seasons,,
Zambezia,,
Treasure Buddies,,
The Little Princess,,
Looney Tunes Rabbits Run,,
Kit Kittredge An American Girl,,
The Land Before Time twelve The Great Day of the Flyers,,
Scooby-Doo! and the Monster of Mexico,,
Everyone's Hero,,
Fly Me to the Moon,,
Barbie The Princess and The Popstar,,
Alvin and the Chipmunks meet Frankenstein,,
How to Build a Better Boy,,
Lego Star Wars The Padawan Menace,,
Journey to the Center of the Earth,,
One Man Band,,
Geri's Game,,
Scrat in Love,,
Creature from the Black Lagoon,,
Rio Lobo,,
Forbidden Planet,,
The Nutcracker Prince,,
Beverly Hills Chihuahua 2,,
Team Hot Wheels The Origin of Awesome!,,
Casper's Haunted Christmas,,
A Hard Day's Night,,
Muppet Treasure Island,,
Barbie A Perfect Christmas,,
Winnie the Pooh Springtime with Roo,,
Barbie The Pearl Princess,,
Rover Dangerfield,,
The Brave Little Toaster,,
Tin Toy,,
The Bremen Town Musicians,,
Alpha and Omega two A Howl-iday Adventure,,
Opposite Day,,
A Little Princess,,
Alvin and the Chipmunks Meet the Wolfman,,
Big Buck Bunny,,
Winnie the Pooh and the Honey Tree,,
Everybody Loves Donald,,
Super Rhino,,
The Country Bears,,
Gulliver's Travels,,
Herbie Rides Again,,
True Grit,,
The Land Before Time XIV Journey of the Brave,,
The Boss Baby,,
Le Mans,,
Bugs Bunny's 3rd Movie 1001 Rabbit Tales,,
Monster High Frights camera action,,
Hailey Dean Mystery Murder with love,,
Curious George,,
The Andromeda Strain,,
Cats Don't Dance,,
The Circus,,
I'll Be Home for Christmas,,
Limelight,,
A Dog Year,,
An Extremely Goofy Movie,,
Pooh's Heffalump Movie,,
The Ten Commandments,,
The Muppet Movie,,
Herbie Goes Bananas,,
sixteen Wishes,,
Lifted,,
Twas the Night,,
Moondance Alexander,,
Escape to Witch Mountain,,
Black Beauty,,
Mickey's House of Villains,,
Ice Station Zebra,,
Tom and Jerry Blast Off to Mars!,,
Disney Princess Enchanted Tales Follow Your Dreams,,
My Little Pony Equestria Girls - Rainbow Rocks,,
The Brave Little Toaster Goes to Mars,,
Yankee Doodle Dandy,,
Vincent,,
Dennis the Menace Strikes Again!,,
Frosty the Snowman,,
Herbie Goes To Monte Carlo,,
It's a Mad mad mad world,,
Annabelle's Wish,,
Barbie Diaries,,
A Muppet Family Christmas,,
Babes in Toyland,,
The Snowman and The Snowdog,,
Doogal,,
Scooby-Doo and the Ghoul School,,
Balto II Wolf Quest,,
The Even Stevens Movie,,
Skyrunners,,
The Brave Little Toaster to the Rescue,,
Unstable Fables Tortoise vs Hare,,
Giant,,
Jack and the Beanstalk,,
The Devil Rides Out,,
The Wind in the Willows,,
Johnny Tsunami,,
The Three Caballeros,,
Seven Days in Utopia,,
Scooby-Doo! WrestleMania Mystery,,
Dark Star,,
The Little Polar Bear,,
Help!,,
Scooby-Doo Meets the Boo Brothers,,
The Adventures of Tom Thumb and Thumbelina,,
Inspector Gadget two,,
Babe Pig in the City,,
Brian's Song,,
Pippi Longstocking,,
Funny Girl,,
Izzie's Way Home,,
Tom and Jerry The Lost Dragon,,
Shenandoah,,
We're Back! A Dinosaur's Story,,
Cloud nine,,
Swiss Family Robinson,,
The Snowman,,
Space Dogs Adventure To The Moon,,
Scooby-Doo! and the Samurai Sword,,
Dragons Gift of the Night Fury,,
Scooby-Doo! Mask of the Blue Falcon,,
The Last Escape,,
Airport,,
Thomas and Friends Calling All Engines!,,
Rugrats In Paris,,
Holiday in the Sun,,
Scooby-Doo! Stage Fright,,
The Incredible Mr Limpet,,
Tora! Tora! Tora!,,
The Blue Bird,,
Mermaid Chronicles Part 1 She Creature,,
After All These Years,,
Getting There,,
How to Hook Up Your Home Theater,,
K-911,,
Scooby-Doo! and the Witch's Ghost,,
Long Weekend,,
Frosty Returns,,
The Little Engine That Could,,
Thomas and Friends Hero of the Rails,,
The Parent Trap,,
Chisum,,
The Princess and the Pea,,
Knight Rider 2000,,
Model Behavior,,
Thomas and Friends Tale of the Brave The Movie,,
Barbie in A Mermaid Tale 2,,
Charlotte's Web,,
Chip and Dale - Here Comes Trouble,,
Hammy's Boomerang Adventure,,
Now You See Him now you don't, Now You Don't,
Now You See It,,
Go Figure,,
Everybody Loves Mickey,,
Alpha and Omega 3 The Great Wolf Games,,
Up up and away, Up, and Away
Doug's 1st Movie,,
The Prince and the Pauper,,
Gay Purr-ee,,
Heidi,,
Get a Clue,,
The Ballad of Nessie,,
Smart House,,
Prep and Landing Naughty vs Nice,,
The Challenge,,
Bratz Fashion Pixiez,,
Luxo Jr,,
Cinderella,,
Small Fry,,
Air Bud Spikes Back,,
Head,,
Recess School's Out,,
Snoopy come home, Come Home!,
The Secret of the Sword,,
Back at the Barnyard When No One's Looking,,
The Strawberry Shortcake Movie Sky's the Limit,,
Follow That Dream,,
Song of the South,,
Mosby's Marauders,,
Garfield's Pet Force,,
The Barefoot Executive,,
Old Yeller,,
Support Your Local Sheriff,,
Happiness Is a Warm Blanket charlie brown, Charlie Brown,
The Apple Dumpling Gang Rides Again,,
Son of Flubber,,
Thriller Night,,
The Bank Dick,,
All Stars,,
Love at the Thanksgiving Day Parade,,
The Rescuers Down Under,,
The Bugs Bunny/Road Runner Movie,,
The Luck of the Irish,,
The Twelve Chairs,,
Seven Brides for Seven Brothers,,
Lego Star Wars The Yoda Chronicles Episode IVEscape From The Jedi Temple,,
An All Dogs Christmas Carol,,
The Great Train Robbery,,
Mater Private Eye,,
The Adventures of Pinocchio,,
Thomas and Friends King of the Railway,,
Aloha Scooby-Doo!,,
Barbie and the Secret Door,,
The Battle of the River Plate,,
A Countess from Hong Kong,,
Blackbeard's Ghost,,
Mr Troop Mom,,
Thomas and Friends Misty Island Rescue,,
Scooby-Doo! Frankencreepy,,
The Wiz,,
The Looney looney looney bugs bunny movie, Looney, Looney Bugs Bunny Movie
The Little Matchgirl,,
The Pebble and the Penguin,,
Scooby-Doo! in Where's My Mummy?,,
Oliver!,,
My Little Pony The Movie,,
What's Up doc, Doc?,
Thomas and the Magic Railroad,,
Pollyanna,,
Hellfighters,,
It's a Very Merry Muppet Christmas Movie,,
The Rugrats Movie,,
The Shooting,,
Blue Steel,,
Air Bud Golden Receiver,,
Moon Zero Two,,
Operation Mad Ball,,
You Lucky Dog,,
Walt Before Mickey,,
Genius,,
The Great Muppet Caper,,
The White Seal,,
The Hero of Color City,,
Curious George A Halloween Boo Fest,,
Babes In Toyland,,
Lego Batman The Movie - DC Super Heroes Unite,,
Around the World Under the Sea,,
Courage of Lassie,,
Treasure Island,,
Polly,,
The Valley of Gwangi,,
Mr Write,,
Wendy Wu Homecoming Warrior,,
When in Rome,,
Thomas and Friends Day of the Diesels,,
One Magic Christmas,,
The Shaggy Dog,,
Baseball Bugs,,
Quints,,
Passport to Paris,,
Northpole,,
The Legend of Sleepy Hollow,,
Funky Monkey,,
The Shoes of the Fisherman,,
Bratz the Video Starrin' and Stylin',,
The Absent-Minded Professor,,
VeggieTales The Pirates Who Don't Do Anything,,
Treasure Island,,
Jock of the Bushveld,,
Scruffy,,
Scooby-Doo! and the Loch Ness Monster,,
That Darn Cat!,,
A Fairly Odd Christmas,,
Bob the Builder A Christmas to Remember,,
Scooby-Doo! and the Reluctant Werewolf,,
Those Daring Young Men in Their Jaunty Jalopies,,
The Little Prince,,
The Major and the Minor,,
Air Bud three World Pup,,
The Ugly Dachshund,,
Chamaco,,
Bratz Kidz Sleep - Over Adventure,,
Police Patrol,,
The Boy Who Cried Werewolf,,
Grand Champion,,
The New Adventures of Pippi Longstocking,,
How The West Was Fun,,
Stuck in the Suburbs,,
The Cat from Outer Space,,
Phineas and Ferb Mission Marvel,,
Elmer Elephant,,
McHale's Navy Joins the Air Force,,
Charlotte's Web two Wilbur's Great Adventure,,
'Twas the Night Before Christmas,,
It's Christmastime Again charlie brown,,
This is America charlie brown,,
Kermit's Swamp Years,,
Swindle,,
Susie Q,,
The Magic Pudding,,
Love at the Christmas Table,,
The Adventures of Elmo in Grouchland,,
An Enemy of the People,,
The Lost Continent,,
Camelot,,
Prancer,,
Phantom of the Megaplex,,
An American Girl Saige Paints the Sky,,
The Bridge,,
A Miser Brothers' Christmas,,
Golden Shoes,,
Nephi and the Brass Plates,,
Max Keeble's Big Move,,
Paw Patrol - Meet Everest,,
When Dinosaurs Ruled the Earth,,
The Apple Dumpling Gang,,
Sesame Street Presents Follow That Bird,,
Beauty and the Beast,,
Disney Princess A Christmas of Enchantment,,
Vampire Dog,,
Jet Pilot,,
The Christmas Spirit,,
On a Clear Day You Can See Forever,,
The Raven,,
The Royal Hunt of the Sun,,
Melody,,
Recipe for Love,,
four Clowns,,
Bye Bye Birdie,,
The Wiggles Live Hot Potatoes!,,
The Shaggy DA,,
The Nine Lives of Christmas,,
Change of Habit,,
Mighty Mouse in the Great Space Chase,,
The Adventures of the American Rabbit,,
Robotix The Movie,,
Love marriage and other bad ideas,,
The King and I,,
Kiss My Blood,,
The Ghost and Mr Chicken,,
Texas Rein,,
The Loneliest Runner,,
Thomas and Friends The Great Discovery The Movie,,
Recess All Growed Down,,
Jimmy Timmy Power Hour 2 When Nerds Collide,,
Hell in the Pacific,,
King Kong Escapes,,
An American Girl Chrissa Stands Strong,,
Helaman's Stripling Warriors,,
Yogi and the Invasion of the Space Bears,,
Dog City The Movie,,
Garfield's Feline Fantasies,,
No Greater Love,,
Scooby-Doo Goes Hollywood,,
Snowball Express,,
Switching Goals,,
The Wiggles Here Comes The Big Red Car,,
Hearts of Spring,,
Jimmy Timmy Power Hour three The Jerkinators!,,
How the 'Dook Stole Christmas,,
Do Not Disturb,,
Heidi,,
Logan's War  Bound by Honor,,
Big Breaks,,
Fort Utah,,
Pokémon Ranger and the Temple of the Sea,,
The Tender Warrior,,
Mormon and Moroni,,
A Muppets Christmas Letters to Santa,,
Moon Dust,,
Zenon The Zequel,,
Sonic The Hedgehog The Movie,,
Sammy and Co Turtle Reef,,
The Velveteen Rabbit,,
The Naughty List,,
Gopher Broke,,
The Book of Daniel,,
The Cheetah Girls two,,
Motocrossed,,
The Ultimate Christmas Present,,
Frankie and Johnny,,
The Freediver,,
Love Finds You in Valentine,,
Trail Mix-Up,,
The Bermuda Triangle,,
At Long Last Love,,
Return to Mayberry,,
The Fat Albert Easter Special,,
Matter of Heart,,
The Sign Of The Beaver,,
The Puppetoon Movie,,
Big Country Live at Rockpalast,,
Wakko's Wish,,
Two Men and a Four-Dollar Sandwich,,
Sounder,,
A Boy Named Charlie Brown,,
Double Teamed,,
Irving Johnson High Seas Adventurer,,
Raggedy Ann and Andy The Great Santa Claus Caper,,
Annabelle Hooper and the Ghosts of Nantucket,,
The Nutcracker Scoob,,
Tim Hawkins - Push Pull Point Pow,,
John Henry,,
The Gnome-Mobile,,
Bound and Babysitting,,
The Spoon,,
Babes in Toyland,,
Sesame Street Elmo's Potty Time,,
Ice Angel,,
Phineas and Ferb Star Wars,,
All I Want For Christmas,,
To Grandmother's House We Go,,
The Million Dollar Face,,
The Freshman,,
Museum Scream,,
Thomas Edison,,
Fuzzbucket,,
Rabbit Ears - The Creation,,
Twist of Fate,,
Ring of Fire,,
Yogi Bear and the Magical Flight of the Spruce Goose,,
The Legend of Hillbilly John,,
Jump!,,
one hundred and one Dalmatians The Further Adventures of Thunderbolt,,
A Snow White Christmas,,
George Wallace,,
Toy Story of Terror!,,
Strawberry Summer,,
twelve Gifts of Christmas,,
A Bone to Pick An Aurora Teagarden Mystery,,
Stubby A Day in the Life,,
I Am Gabriel,,
The Wiggles Wiggle Bay,,
The Ever After,,
fourty one,,
Peter Pan The New Adventures,,
The Voyages of Young Doctor Dolittle,,
Real Murders An Aurora Teagarden Mystery,,
Dishonored,,
A Gentlemen's Duel,,
Doc Mcstuffins Cuddle Me Lambie,,
Closet Cases of the Nerd Kind,,
First Flight,,
The Green Slime,,
Further Adventures of the Wilderness Family,,
The Pump,,
O' Christmas Tree,,
Pocahontas,,
Abinadi and King Noah,,
The Aviator,,
Little Einsteins Our Big Huge Adventure,,
Bratz Kidz Fairy Tales,,
Samuel the Lamanite,,
The Oogieloves in the Big Balloon Adventure,,
Catherine The Great,,
The Berenstain Bears' Christmas Tree,,
The Jensen Project,,
If I Had Known I Was a Genius,,
The Littlest Angel,,
Christmas Mountain,,
Winning London,,
One Starry Christmas,,
Rabbit Ears -  Pinocchio,,
WordWorld Castles In The Sea,,
VeggieTales The Little House That Stood,,
A Disney Christmas Gift,,
Rapunzel,,
A Nanny for Christmas,,
Last Warning,,
The Jesse Owens Story,,
Kim Possible The Villain Files,,
Really Rosie,,
Power Pack,,
The Other Me,,
East Side of Heaven,,
My Date with the President's Daughter,,
The Proud Family Movie,,
The Tree of Life,,
Christmas with Tucker,,
My Life with Caroline,,
Leapfrog Letter Factory Adventures Great Shape Mystery,,
The Happy Cricket,,
The Thirteenth Year,,
A Joyful Slog,,
Benji's Very Own Christmas Story,,
Things That Aren't There Anymore,,
A League of Their Own The Documentary,,
The Wiggles Lights camera action,,
Lucky Duck,,
Batman Beyond Darwyn Cooke's Batman 75th Anniversary Short,,
Olive the other reindeer,,
Call Me Madam,,
I Am a Witness,,
The First of May,,
The Kid Brother,,
Disney Sing-Along-Songs Fun With Music,,
Cat in the Hat Tricks and Treats,,
Sherlock Holmes and the Baskerville Curse,,
The Chiltern Hundreds,,
Perri,,
Wreck-It-Ralph two,,
Care Bears Mystery in Care-A-Lot,,
The Chipettes The Glass Slipper Collection,,
Law of the Lash,,
Father Of The Bird,,
Stanley's Dinosaur Round-Up,,
The Wiggles Wiggle Around the Clock,,
The Secret of the Nutcracker,,
Wiener Dog Nationals,,
Deuce of Spades,,
Mistletoe Over Manhattan,,
One of Our Dinosaurs Is Missing,,
Yellowstone Cubs,,
Her Best Move,,
School Gyrls,,
Michael Jackson - Jam feat Heavy D,,
Never on Thirsty,,
My Little Pony - Rescue at Midnight Castle,,
My Little Pony Dancing in the Clouds,,
Bratz Babyz Save Christmas,,
Sesame Street Kids' Favorite Songs,,
Bubble Guppies The Puppy and The Ring,,
Valentina Lisitsa Live at the Royal Albert Hall,,
Sofia the first Ready to be a princess,,
Donald's Laugh Factory,,
You Are Mine,,
Stone Sour Live in Moscow,,
Care Bears Share Bear Shines,,
The Adventures of Brer Rabbit,,
Lorenzo,,
The Desert Trail,,
Taking the Plunge two,,
Yes virginia,,
A Man Called Peter,,
The End,,
Strawberry Shortcake Jammin with Cherry Jam,,
Angelina Ballerina Twirling Tales,,
The Apple Tree,,
Understanding God,,
The Interrogation of Michael Crowe,,
Ms Scrooge,,
Game Time Tackling the Past,,
Stellaluna,,
Bailey's Billions,,
Miracle Dogs,,
The Bouquet,,
A Christmas Miracle,,
Along Came a Nanny,,
MXP Most Xtreme Primate,,
A Garfield Christmas Special,,
Christmas Angel,,
Me Again,,
Jake and the Never Land Pirates Battle For The Book,,
The King and Queen of Moonlight Bay,,
Big Country Live at Rockpalast,,
The Fresh Beat Band Wizard of Song,,
Sid the Science Kid The Movie,,
The Wiggles Hoop-Dee-Doo!,,
The Little Bear Movie,,
Maxwell Saves the Day,,
Pudsey the Dog The Movie,,
Hercules Saves Christmas,,
Wild Reverence The Wild Steelheads Last Stand,,
Guess How Much I Love You Hidden Treasure,,
Jimmy Timmy Power Hour,,
Thomas and Friends Thomas and the Treasure,,
Puss in Boots A Furry Tail,,
Chilly Christmas,,
Young Bill Hickok,,
Winnie the Pooh - A Valentine for You,,
The Magic Hockey Skates,,
Smith!,,
The Strongest Man in the World,,
Gong with the Pink,,
Hurricane Sandy Coming Together,,
Freedom For Birth,,
The Wiggles - Pumpkin Face,,
Out of Print,,
That's Showbiz  Frightfully Funny - Halloween Improv,,
Chopin La Dame Aux Camélias,,
The Wallisch Project,,
Angelina Ballerina - Musical Moves,,
Life's a Jungle,,
WordWorld Flying Ant,,
Golden Films - Beauty and the Beast,,
Cat in the Hat Miles and Miles of Reptiles,,
Eau du Minnie,,
Carry On,,
The Cat in the Hat Told From the Cold,,
Mickey's Remedy,,
Horse Crazy two The Legend of Grizzly Mountain,,
When Worlds Collide,,
Elle A Modern Cinderella Tale,,
Michael Bublé A Michael Bublé Christmas,,
The Black Keys Live at Global Citizen Music Festival two thousand twelve,,
Stepsister from Planet Weird,,
SpongeBob SquarePants Legends of Bikini Bottom,,
Portal Survive!,,
Grandma Anna Bae Jenkins,,
Mother I love you,,
Thomas and Friends Best of Percy,,
The Wacky Wabbit,,
Alvin and The Chipmunks Easter Collection,,
The House at the Edge of the Galaxy,,
The Halloween Tree,,
Dora the Explorer Dora in Wonderland,,
